{
    "root_group": {
        "groups": {
            "setup": {
                "id": "5c0f8025f7e0b6654089e5b00e950f1a",
                "groups": {},
                "checks": {
                        "login status is 200": {
                            "passes": 1,
                            "fails": 0,
                            "name": "login status is 200",
                            "path": "::setup::login status is 200",
                            "id": "bb27b460b057923f4a083e3603c038b9"
                        },
                        "token exists": {
                            "name": "token exists",
                            "path": "::setup::token exists",
                            "id": "4c51e9d0b146ebe0f0a677c8d29ce4a5",
                            "passes": 1,
                            "fails": 0
                        }
                    },
                "name": "setup",
                "path": "::setup"
            }
        },
        "checks": {},
        "name": "",
        "path": "",
        "id": "d41d8cd98f00b204e9800998ecf8427e"
    },
    "metrics": {
        "iterations": {
            "count": 8655,
            "rate": 143.34153384921137
        },
        "http_req_failed": {
            "passes": 0,
            "fails": 8656,
            "thresholds": {
                "rate<0.01": false
            },
            "value": 0
        },
        "vus": {
            "min": 30,
            "max": 30,
            "value": 30
        },
        "iteration_duration": {
            "avg": 208.46239645291823,
            "min": 202.1783,
            "med": 205.5843,
            "max": 787.9675,
            "p(90)": 209.73692,
            "p(95)": 211.78322999999997
        },
        "data_received": {
            "count": 14651712,
            "rate": 242657.29307878643
        },
        "checks": {
            "passes": 2,
            "fails": 0,
            "value": 1
        },
        "http_req_duration{expected_response:true}": {
            "p(90)": 9.16485,
            "p(95)": 11.2512,
            "avg": 7.955743056839236,
            "min": 1.761,
            "med": 5.0497,
            "max": 585.7019
        },
        "vus_max": {
            "value": 30,
            "min": 30,
            "max": 30
        },
        "http_req_duration": {
            "avg": 7.955743056839236,
            "min": 1.761,
            "med": 5.0497,
            "max": 585.7019,
            "p(90)": 9.16485,
            "p(95)": 11.2512
        },
        "http_req_receiving": {
            "med": 0,
            "max": 5.7518,
            "p(90)": 0.5094,
            "p(95)": 0.5335,
            "avg": 0.09567621303142296,
            "min": 0
        },
        "data_sent": {
            "count": 2221624,
            "rate": 36793.875424173355
        },
        "http_req_tls_handshaking": {
            "min": 0,
            "med": 0,
            "max": 0,
            "p(90)": 0,
            "p(95)": 0,
            "avg": 0
        },
        "http_req_waiting": {
            "avg": 7.849318830868824,
            "min": 1.6964,
            "med": 4.9867,
            "max": 585.1649,
            "p(90)": 9.0331,
            "p(95)": 11.111275
        },
        "http_reqs": {
            "rate": 143.35809555156254,
            "count": 8656
        },
        "http_req_blocked": {
            "p(90)": 0,
            "p(95)": 0,
            "avg": 0.010772308225508303,
            "min": 0,
            "med": 0,
            "max": 3.1337
        },
        "http_req_sending": {
            "p(95)": 0,
            "avg": 0.010748012939001841,
            "min": 0,
            "med": 0,
            "max": 2.0891,
            "p(90)": 0
        },
        "http_req_connecting": {
            "avg": 0.0064701940850277265,
            "min": 0,
            "med": 0,
            "max": 1.4553,
            "p(90)": 0,
            "p(95)": 0
        }
    },
    "setup_data": {
        "token": "eyJhbGciOiJIUzM4NCJ9.eyJzdWIiOiJxdW9jIiwiaWF0IjoxNzczMDc3NTcyLCJleHAiOjE3NzMwNzkzNzJ9.-S-rk8vHyqXlkqJNMrnphTnvul9-hZarOQkqd9XlJijJjTnTfIF2yt9B9su34mdW"
    }
}