{
    "metrics": {
        "http_req_failed": {
            "passes": 0,
            "fails": 4252,
            "thresholds": {
                "rate<0.01": false
            },
            "value": 0
        },
        "http_reqs": {
            "count": 4252,
            "rate": 136.44260618303275
        },
        "vus": {
            "value": 30,
            "min": 30,
            "max": 30
        },
        "iteration_duration": {
            "max": 926.6865,
            "p(90)": 211.6928,
            "p(95)": 214.0987,
            "avg": 212.66490350505825,
            "min": 202.773,
            "med": 206.369
        },
        "http_req_sending": {
            "avg": 0.007315921919096895,
            "min": 0,
            "med": 0,
            "max": 1.2209,
            "p(90)": 0,
            "p(95)": 0
        },
        "http_req_receiving": {
            "med": 0,
            "max": 7.4461,
            "p(90)": 0.5822600000000001,
            "p(95)": 1.0313,
            "avg": 0.26687928033866465,
            "min": 0
        },
        "data_sent": {
            "count": 1079924,
            "rate": 34653.72649097024
        },
        "http_req_tls_handshaking": {
            "max": 0,
            "p(90)": 0,
            "p(95)": 0,
            "avg": 0,
            "min": 0,
            "med": 0
        },
        "vus_max": {
            "value": 30,
            "min": 30,
            "max": 30
        },
        "http_req_duration{expected_response:true}": {
            "med": 5.98105,
            "max": 954.325,
            "p(90)": 11.23903,
            "p(95)": 13.8343,
            "avg": 12.43561211194734,
            "min": 2.569
        },
        "http_req_connecting": {
            "avg": 0.012672554092191902,
            "min": 0,
            "med": 0,
            "max": 2.2236,
            "p(90)": 0,
            "p(95)": 0
        },
        "http_req_waiting": {
            "avg": 12.161416909689548,
            "min": 2.569,
            "med": 5.73035,
            "max": 954.325,
            "p(90)": 10.99555,
            "p(95)": 13.3024
        },
        "iterations": {
            "count": 4251,
            "rate": 136.41051714112706
        },
        "http_req_duration": {
            "med": 5.98105,
            "max": 954.325,
            "p(90)": 11.23903,
            "p(95)": 13.8343,
            "avg": 12.43561211194734,
            "min": 2.569
        },
        "checks": {
            "passes": 2,
            "fails": 0,
            "value": 1
        },
        "http_req_blocked": {
            "p(95)": 0,
            "avg": 0.016054492003762934,
            "min": 0,
            "med": 0,
            "max": 3.7744,
            "p(90)": 0
        },
        "data_received": {
            "count": 86802263,
            "rate": 2785401.454916518
        }
    },
    "setup_data": {
        "token": "eyJhbGciOiJIUzM4NCJ9.eyJzdWIiOiJxdW9jIiwiaWF0IjoxNzczMDc4NDI0LCJleHAiOjE3NzMwODAyMjR9.43fC-XBtFagGtWbhLKZp5Zl6rZjBzqH2VG9B7cflhbq3icBGiSE-2GojtzLloABZ"
    },
    "root_group": {
        "path": "",
        "id": "d41d8cd98f00b204e9800998ecf8427e",
        "groups": {
            "setup": {
                "name": "setup",
                "path": "::setup",
                "id": "5c0f8025f7e0b6654089e5b00e950f1a",
                "groups": {},
                "checks": {
                        "login status is 200": {
                            "path": "::setup::login status is 200",
                            "id": "bb27b460b057923f4a083e3603c038b9",
                            "passes": 1,
                            "fails": 0,
                            "name": "login status is 200"
                        },
                        "token exists": {
                            "fails": 0,
                            "name": "token exists",
                            "path": "::setup::token exists",
                            "id": "4c51e9d0b146ebe0f0a677c8d29ce4a5",
                            "passes": 1
                        }
                    }
            }
        },
        "checks": {},
        "name": ""
    }
}