{
    "root_group": {
        "path": "",
        "id": "d41d8cd98f00b204e9800998ecf8427e",
        "groups": {
            "setup": {
                "name": "setup",
                "path": "::setup",
                "id": "5c0f8025f7e0b6654089e5b00e950f1a",
                "groups": {},
                "checks": {
                        "login status is 200": {
                            "name": "login status is 200",
                            "path": "::setup::login status is 200",
                            "id": "bb27b460b057923f4a083e3603c038b9",
                            "passes": 1,
                            "fails": 0
                        },
                        "token exists": {
                            "name": "token exists",
                            "path": "::setup::token exists",
                            "id": "4c51e9d0b146ebe0f0a677c8d29ce4a5",
                            "passes": 1,
                            "fails": 0
                        }
                    }
            }
        },
        "checks": {},
        "name": ""
    },
    "metrics": {
        "iteration_duration": {
            "p(90)": 207.36790000000002,
            "p(95)": 208.7019,
            "avg": 205.5512429708829,
            "min": 201.8195,
            "med": 204.5136,
            "max": 294.6829
        },
        "http_req_receiving": {
            "max": 5.3175,
            "p(90)": 0.5093,
            "p(95)": 0.53206,
            "avg": 0.09077684785080727,
            "min": 0,
            "med": 0
        },
        "vus": {
            "value": 30,
            "min": 30,
            "max": 30
        },
        "http_req_duration": {
            "avg": 5.04314753240853,
            "min": 1.5876,
            "med": 3.9956,
            "max": 230.967,
            "p(90)": 6.7462,
            "p(95)": 7.92458
        },
        "http_req_tls_handshaking": {
            "avg": 0,
            "min": 0,
            "med": 0,
            "max": 0,
            "p(90)": 0,
            "p(95)": 0
        },
        "iterations": {
            "count": 4396,
            "rate": 144.4202527380048
        },
        "http_reqs": {
            "count": 4397,
            "rate": 144.45310538876413
        },
        "data_received": {
            "count": 3535478,
            "rate": 116149.82400128656
        },
        "http_req_failed": {
            "passes": 0,
            "fails": 4397,
            "thresholds": {
                "rate<0.01": false
            },
            "value": 0
        },
        "http_req_waiting": {
            "med": 3.9248,
            "max": 230.4349,
            "p(90)": 6.59504,
            "p(95)": 7.7913,
            "avg": 4.939950034114218,
            "min": 1.5628
        },
        "checks": {
            "passes": 2,
            "fails": 0,
            "value": 1
        },
        "http_req_duration{expected_response:true}": {
            "avg": 5.04314753240853,
            "min": 1.5876,
            "med": 3.9956,
            "max": 230.967,
            "p(90)": 6.7462,
            "p(95)": 7.92458
        },
        "http_req_blocked": {
            "p(95)": 0,
            "avg": 0.01682624516715943,
            "min": 0,
            "med": 0,
            "max": 4.6836,
            "p(90)": 0
        },
        "data_sent": {
            "count": 1213466,
            "rate": 39865.57470631841
        },
        "vus_max": {
            "value": 30,
            "min": 30,
            "max": 30
        },
        "http_req_connecting": {
            "avg": 0.010476529451899022,
            "min": 0,
            "med": 0,
            "max": 2.4958,
            "p(90)": 0,
            "p(95)": 0
        },
        "http_req_sending": {
            "avg": 0.012420650443484196,
            "min": 0,
            "med": 0,
            "max": 2.6767,
            "p(90)": 0,
            "p(95)": 0
        }
    },
    "setup_data": {
        "token": "eyJhbGciOiJIUzM4NCJ9.eyJzdWIiOiJxdW9jIiwiaWF0IjoxNzczMDc5MTU4LCJleHAiOjE3NzMwODA5NTh9.0E6J-5c2h1SSdguLT2si9_YhFiNz9HE9XEFiYQAtrafQpNNXJnyrx2YExTq7274n"
    }
}